0.000000000000000000e+00	0.000000000000000000e+00	0.000000000000000000e+00	0.000000000000000000e+00	0.000000000000000000e+00	0.000000000000000000e+00	0.000000000000000000e+00	0.000000000000000000e+00	0.000000000000000000e+00	0.000000000000000000e+00	0.000000000000000000e+00	0.000000000000000000e+00	0.000000000000000000e+00	0.000000000000000000e+00	0.000000000000000000e+00	0.000000000000000000e+00	0.000000000000000000e+00	0.000000000000000000e+00	0.000000000000000000e+00	0.000000000000000000e+00	0.000000000000000000e+00	0.000000000000000000e+00	0.000000000000000000e+00	0.000000000000000000e+00	0.000000000000000000e+00	0.000000000000000000e+00	0.000000000000000000e+00	0.000000000000000000e+00	0.000000000000000000e+00	0.000000000000000000e+00	0.000000000000000000e+00	0.000000000000000000e+00	0.000000000000000000e+00	0.000000000000000000e+00	0.000000000000000000e+00	0.000000000000000000e+00	0.000000000000000000e+00	0.000000000000000000e+00	0.000000000000000000e+00	0.000000000000000000e+00	0.000000000000000000e+00	0.000000000000000000e+00	3.526095757279119058e-01	0.000000000000000000e+00	0.000000000000000000e+00	0.000000000000000000e+00	0.000000000000000000e+00	0.000000000000000000e+00	0.000000000000000000e+00	0.000000000000000000e+00	7.088480766906317676e-01	0.000000000000000000e+00	0.000000000000000000e+00	0.000000000000000000e+00	0.000000000000000000e+00	6.109017034490689113e-01	0.000000000000000000e+00	0.000000000000000000e+00	0.000000000000000000e+00	0.000000000000000000e+00	0.000000000000000000e+00	0.000000000000000000e+00	0.000000000000000000e+00	0.000000000000000000e+00	0.000000000000000000e+00	0.000000000000000000e+00	0.000000000000000000e+00
1.666922817479818131e-01	7.710578330155352933e-02	0.000000000000000000e+00	2.313173499046605741e-01	1.542115666031070587e-01	5.962164919520829970e-02	0.000000000000000000e+00	2.017776888105895783e-01	0.000000000000000000e+00	7.710578330155352933e-02	7.182963615213266984e-02	8.334614087399090654e-02	0.000000000000000000e+00	0.000000000000000000e+00	6.725922960352985480e-02	0.000000000000000000e+00	8.334614087399090654e-02	0.000000000000000000e+00	1.542115666031070587e-01	1.666922817479818131e-01	1.666922817479818131e-01	6.725922960352985480e-02	8.334614087399090654e-02	5.962164919520829970e-02	0.000000000000000000e+00	0.000000000000000000e+00	7.182963615213266984e-02	0.000000000000000000e+00	7.710578330155352933e-02	8.334614087399090654e-02	0.000000000000000000e+00	6.725922960352985480e-02	2.313173499046605741e-01	0.000000000000000000e+00	0.000000000000000000e+00	7.710578330155352933e-02	5.064165333900268878e-02	1.542115666031070587e-01	0.000000000000000000e+00	3.333845634959636262e-01	7.182963615213266984e-02	6.725922960352985480e-02	3.731375382777081251e-01	8.334614087399090654e-02	8.334614087399090654e-02	8.334614087399090654e-02	7.182963615213266984e-02	0.000000000000000000e+00	8.334614087399090654e-02	8.334614087399090654e-02	0.000000000000000000e+00	0.000000000000000000e+00	1.896835359623837980e-01	7.710578330155352933e-02	1.345184592070597096e-01	7.182963615213266984e-02	0.000000000000000000e+00	2.873185446085306793e-01	7.710578330155352933e-02	8.334614087399090654e-02	2.017776888105895783e-01	0.000000000000000000e+00	0.000000000000000000e+00	0.000000000000000000e+00	0.000000000000000000e+00	3.333845634959636262e-01	0.000000000000000000e+00
1.175112412242095561e-01	0.000000000000000000e+00	0.000000000000000000e+00	0.000000000000000000e+00	0.000000000000000000e+00	8.406164853338385368e-02	0.000000000000000000e+00	0.000000000000000000e+00	1.087128474853957943e-01	1.087128474853957943e-01	0.000000000000000000e+00	0.000000000000000000e+00	1.087128474853957943e-01	2.350224824484191122e-01	0.000000000000000000e+00	0.000000000000000000e+00	0.000000000000000000e+00	0.000000000000000000e+00	0.000000000000000000e+00	0.000000000000000000e+00	0.000000000000000000e+00	9.483001218309961011e-02	0.000000000000000000e+00	0.000000000000000000e+00	0.000000000000000000e+00	2.350224824484191122e-01	0.000000000000000000e+00	0.000000000000000000e+00	3.261385424561873969e-01	0.000000000000000000e+00	1.175112412242095561e-01	0.000000000000000000e+00	0.000000000000000000e+00	3.362465941335354147e-01	0.000000000000000000e+00	0.000000000000000000e+00	2.142017667204099973e-01	0.000000000000000000e+00	1.175112412242095561e-01	0.000000000000000000e+00	3.038217347224954068e-01	0.000000000000000000e+00	0.000000000000000000e+00	0.000000000000000000e+00	0.000000000000000000e+00	2.350224824484191122e-01	1.012739115741651402e-01	0.000000000000000000e+00	0.000000000000000000e+00	0.000000000000000000e+00	0.000000000000000000e+00	5.435642374269790134e-01	1.782921801937326078e-01	0.000000000000000000e+00	1.896600243661992202e-01	1.012739115741651402e-01	0.000000000000000000e+00	0.000000000000000000e+00	0.000000000000000000e+00	0.000000000000000000e+00	0.000000000000000000e+00	0.000000000000000000e+00	0.000000000000000000e+00	0.000000000000000000e+00	0.000000000000000000e+00	0.000000000000000000e+00	0.000000000000000000e+00
0.000000000000000000e+00	0.000000000000000000e+00	0.000000000000000000e+00	0.000000000000000000e+00	0.000000000000000000e+00	0.000000000000000000e+00	0.000000000000000000e+00	5.599186548354863069e-01	0.000000000000000000e+00	0.000000000000000000e+00	0.000000000000000000e+00	0.000000000000000000e+00	0.000000000000000000e+00	0.000000000000000000e+00	1.399796637088715767e-01	0.000000000000000000e+00	0.000000000000000000e+00	0.000000000000000000e+00	0.000000000000000000e+00	0.000000000000000000e+00	0.000000000000000000e+00	0.000000000000000000e+00	0.000000000000000000e+00	0.000000000000000000e+00	0.000000000000000000e+00	0.000000000000000000e+00	0.000000000000000000e+00	1.494915771734984522e-01	6.418891016256389470e-01	0.000000000000000000e+00	0.000000000000000000e+00	1.399796637088715767e-01	0.000000000000000000e+00	0.000000000000000000e+00	0.000000000000000000e+00	0.000000000000000000e+00	1.053952245043678071e-01	0.000000000000000000e+00	0.000000000000000000e+00	0.000000000000000000e+00	0.000000000000000000e+00	1.399796637088715767e-01	8.628583175400872385e-02	0.000000000000000000e+00	0.000000000000000000e+00	0.000000000000000000e+00	0.000000000000000000e+00	0.000000000000000000e+00	1.734596848602796837e-01	0.000000000000000000e+00	0.000000000000000000e+00	0.000000000000000000e+00	2.631791228419567141e-01	1.604722754064097368e-01	1.399796637088715767e-01	0.000000000000000000e+00	0.000000000000000000e+00	0.000000000000000000e+00	0.000000000000000000e+00	0.000000000000000000e+00	0.000000000000000000e+00	0.000000000000000000e+00	0.000000000000000000e+00	0.000000000000000000e+00	0.000000000000000000e+00	1.734596848602796837e-01	0.000000000000000000e+00
0.000000000000000000e+00	0.000000000000000000e+00	0.000000000000000000e+00	0.000000000000000000e+00	0.000000000000000000e+00	1.045096230483126415e-01	1.460958206096117373e-01	0.000000000000000000e+00	1.351572198431886529e-01	2.703144396863773058e-01	0.000000000000000000e+00	0.000000000000000000e+00	0.000000000000000000e+00	0.000000000000000000e+00	0.000000000000000000e+00	0.000000000000000000e+00	0.000000000000000000e+00	0.000000000000000000e+00	0.000000000000000000e+00	0.000000000000000000e+00	0.000000000000000000e+00	1.178973884028311214e-01	0.000000000000000000e+00	0.000000000000000000e+00	0.000000000000000000e+00	4.382874618288351565e-01	0.000000000000000000e+00	0.000000000000000000e+00	0.000000000000000000e+00	1.460958206096117373e-01	0.000000000000000000e+00	0.000000000000000000e+00	0.000000000000000000e+00	0.000000000000000000e+00	1.460958206096117373e-01	0.000000000000000000e+00	0.000000000000000000e+00	0.000000000000000000e+00	0.000000000000000000e+00	0.000000000000000000e+00	0.000000000000000000e+00	1.178973884028311214e-01	5.813915507681832739e-01	0.000000000000000000e+00	0.000000000000000000e+00	0.000000000000000000e+00	1.259087646733554888e-01	1.351572198431886529e-01	0.000000000000000000e+00	0.000000000000000000e+00	0.000000000000000000e+00	0.000000000000000000e+00	0.000000000000000000e+00	1.351572198431886529e-01	2.357947768056622428e-01	0.000000000000000000e+00	1.259087646733554888e-01	1.259087646733554888e-01	0.000000000000000000e+00	0.000000000000000000e+00	1.178973884028311214e-01	0.000000000000000000e+00	2.703144396863773058e-01	0.000000000000000000e+00	0.000000000000000000e+00	0.000000000000000000e+00	2.216617074444942048e-01
0.000000000000000000e+00	0.000000000000000000e+00	0.000000000000000000e+00	0.000000000000000000e+00	0.000000000000000000e+00	0.000000000000000000e+00	0.000000000000000000e+00	0.000000000000000000e+00	0.000000000000000000e+00	0.000000000000000000e+00	0.000000000000000000e+00	0.000000000000000000e+00	0.000000000000000000e+00	0.000000000000000000e+00	0.000000000000000000e+00	0.000000000000000000e+00	0.000000000000000000e+00	0.000000000000000000e+00	4.086727427488391906e-01	0.000000000000000000e+00	0.000000000000000000e+00	0.000000000000000000e+00	0.000000000000000000e+00	0.000000000000000000e+00	0.000000000000000000e+00	0.000000000000000000e+00	0.000000000000000000e+00	0.000000000000000000e+00	0.000000000000000000e+00	0.000000000000000000e+00	0.000000000000000000e+00	0.000000000000000000e+00	0.000000000000000000e+00	3.160040902317631240e-01	0.000000000000000000e+00	0.000000000000000000e+00	0.000000000000000000e+00	4.086727427488391906e-01	0.000000000000000000e+00	0.000000000000000000e+00	0.000000000000000000e+00	3.564844640738467074e-01	0.000000000000000000e+00	0.000000000000000000e+00	0.000000000000000000e+00	0.000000000000000000e+00	0.000000000000000000e+00	0.000000000000000000e+00	0.000000000000000000e+00	0.000000000000000000e+00	0.000000000000000000e+00	4.086727427488391906e-01	0.000000000000000000e+00	0.000000000000000000e+00	0.000000000000000000e+00	0.000000000000000000e+00	3.807083354842436540e-01	0.000000000000000000e+00	0.000000000000000000e+00	0.000000000000000000e+00	3.564844640738467074e-01	0.000000000000000000e+00	0.000000000000000000e+00	0.000000000000000000e+00	0.000000000000000000e+00	0.000000000000000000e+00	0.000000000000000000e+00
0.000000000000000000e+00	0.000000000000000000e+00	0.000000000000000000e+00	2.246530482259872508e-01	1.123265241129936254e-01	0.000000000000000000e+00	0.000000000000000000e+00	3.919288620069075191e-01	0.000000000000000000e+00	0.000000000000000000e+00	1.046403137585080051e-01	1.214173814432759624e-01	0.000000000000000000e+00	1.214173814432759624e-01	0.000000000000000000e+00	1.123265241129936254e-01	3.642521443298278871e-01	4.856695257731038495e-01	0.000000000000000000e+00	0.000000000000000000e+00	0.000000000000000000e+00	0.000000000000000000e+00	0.000000000000000000e+00	0.000000000000000000e+00	0.000000000000000000e+00	0.000000000000000000e+00	0.000000000000000000e+00	0.000000000000000000e+00	0.000000000000000000e+00	1.214173814432759624e-01	0.000000000000000000e+00	0.000000000000000000e+00	0.000000000000000000e+00	0.000000000000000000e+00	1.214173814432759624e-01	1.123265241129936254e-01	0.000000000000000000e+00	0.000000000000000000e+00	0.000000000000000000e+00	2.428347628865519248e-01	3.139209412755240014e-01	0.000000000000000000e+00	2.415915780238070409e-01	0.000000000000000000e+00	0.000000000000000000e+00	1.214173814432759624e-01	0.000000000000000000e+00	1.123265241129936254e-01	0.000000000000000000e+00	0.000000000000000000e+00	0.000000000000000000e+00	0.000000000000000000e+00	0.000000000000000000e+00	0.000000000000000000e+00	0.000000000000000000e+00	0.000000000000000000e+00	0.000000000000000000e+00	0.000000000000000000e+00	0.000000000000000000e+00	0.000000000000000000e+00	0.000000000000000000e+00	0.000000000000000000e+00	0.000000000000000000e+00	0.000000000000000000e+00	0.000000000000000000e+00	0.000000000000000000e+00	2.763280698775719135e-01
0.000000000000000000e+00	1.364990869236314130e-01	1.475462882390417840e-01	0.000000000000000000e+00	1.364990869236314130e-01	0.000000000000000000e+00	0.000000000000000000e+00	0.000000000000000000e+00	0.000000000000000000e+00	0.000000000000000000e+00	0.000000000000000000e+00	1.475462882390417840e-01	1.364990869236314130e-01	0.000000000000000000e+00	0.000000000000000000e+00	0.000000000000000000e+00	1.475462882390417840e-01	1.475462882390417840e-01	0.000000000000000000e+00	0.000000000000000000e+00	1.475462882390417840e-01	0.000000000000000000e+00	0.000000000000000000e+00	0.000000000000000000e+00	0.000000000000000000e+00	1.475462882390417840e-01	0.000000000000000000e+00	0.000000000000000000e+00	0.000000000000000000e+00	0.000000000000000000e+00	0.000000000000000000e+00	0.000000000000000000e+00	0.000000000000000000e+00	1.055472148463735965e-01	0.000000000000000000e+00	1.364990869236314130e-01	8.965007740136222980e-02	0.000000000000000000e+00	0.000000000000000000e+00	0.000000000000000000e+00	6.357940564897438529e-01	0.000000000000000000e+00	2.201863945477118834e-01	0.000000000000000000e+00	0.000000000000000000e+00	0.000000000000000000e+00	2.543176225958975190e-01	0.000000000000000000e+00	0.000000000000000000e+00	0.000000000000000000e+00	0.000000000000000000e+00	0.000000000000000000e+00	0.000000000000000000e+00	0.000000000000000000e+00	0.000000000000000000e+00	0.000000000000000000e+00	0.000000000000000000e+00	0.000000000000000000e+00	0.000000000000000000e+00	0.000000000000000000e+00	0.000000000000000000e+00	0.000000000000000000e+00	0.000000000000000000e+00	3.814764338938462784e-01	0.000000000000000000e+00	0.000000000000000000e+00	3.357936117716545654e-01
0.000000000000000000e+00	0.000000000000000000e+00	0.000000000000000000e+00	0.000000000000000000e+00	0.000000000000000000e+00	0.000000000000000000e+00	0.000000000000000000e+00	0.000000000000000000e+00	0.000000000000000000e+00	0.000000000000000000e+00	0.000000000000000000e+00	0.000000000000000000e+00	0.000000000000000000e+00	0.000000000000000000e+00	0.000000000000000000e+00	0.000000000000000000e+00	0.000000000000000000e+00	0.000000000000000000e+00	0.000000000000000000e+00	0.000000000000000000e+00	0.000000000000000000e+00	0.000000000000000000e+00	0.000000000000000000e+00	0.000000000000000000e+00	0.000000000000000000e+00	0.000000000000000000e+00	0.000000000000000000e+00	0.000000000000000000e+00	0.000000000000000000e+00	0.000000000000000000e+00	0.000000000000000000e+00	0.000000000000000000e+00	0.000000000000000000e+00	0.000000000000000000e+00	0.000000000000000000e+00	0.000000000000000000e+00	3.136437153302233938e-01	0.000000000000000000e+00	5.161954943919986327e-01	0.000000000000000000e+00	0.000000000000000000e+00	0.000000000000000000e+00	5.135528479388421497e-01	0.000000000000000000e+00	0.000000000000000000e+00	0.000000000000000000e+00	0.000000000000000000e+00	0.000000000000000000e+00	0.000000000000000000e+00	0.000000000000000000e+00	0.000000000000000000e+00	0.000000000000000000e+00	0.000000000000000000e+00	0.000000000000000000e+00	0.000000000000000000e+00	0.000000000000000000e+00	4.448692423756616110e-01	0.000000000000000000e+00	0.000000000000000000e+00	0.000000000000000000e+00	4.165629135740041011e-01	0.000000000000000000e+00	0.000000000000000000e+00	0.000000000000000000e+00	0.000000000000000000e+00	0.000000000000000000e+00	0.000000000000000000e+00
0.000000000000000000e+00	0.000000000000000000e+00	7.769397195952258695e-02	0.000000000000000000e+00	0.000000000000000000e+00	5.557837102207750790e-02	0.000000000000000000e+00	6.269800429915836637e-02	0.000000000000000000e+00	7.187680800728442343e-02	6.695846596549540064e-02	0.000000000000000000e+00	7.187680800728442343e-02	7.769397195952258695e-02	1.880940128974750991e-01	0.000000000000000000e+00	2.330819158785677747e-01	0.000000000000000000e+00	1.437536160145688469e-01	1.553879439190451739e-01	7.769397195952258695e-02	0.000000000000000000e+00	0.000000000000000000e+00	5.557837102207750790e-02	1.437536160145688469e-01	0.000000000000000000e+00	1.339169319309908013e-01	0.000000000000000000e+00	0.000000000000000000e+00	0.000000000000000000e+00	1.553879439190451739e-01	2.507920171966334655e-01	0.000000000000000000e+00	5.557837102207750790e-02	7.769397195952258695e-02	0.000000000000000000e+00	0.000000000000000000e+00	0.000000000000000000e+00	0.000000000000000000e+00	2.330819158785677747e-01	0.000000000000000000e+00	0.000000000000000000e+00	5.797216510164852066e-01	7.769397195952258695e-02	0.000000000000000000e+00	0.000000000000000000e+00	0.000000000000000000e+00	3.593840400364221033e-01	0.000000000000000000e+00	1.553879439190451739e-01	7.769397195952258695e-02	1.437536160145688469e-01	5.894001077796540838e-02	7.187680800728442343e-02	6.269800429915836637e-02	0.000000000000000000e+00	0.000000000000000000e+00	6.695846596549540064e-02	1.437536160145688469e-01	1.553879439190451739e-01	1.880940128974750991e-01	7.769397195952258695e-02	0.000000000000000000e+00	6.695846596549540064e-02	0.000000000000000000e+00	0.000000000000000000e+00	5.894001077796540838e-02
1.355606298659964015e-01	0.000000000000000000e+00	0.000000000000000000e+00	0.000000000000000000e+00	0.000000000000000000e+00	9.697327595252945576e-02	4.066818895979892323e-01	0.000000000000000000e+00	1.254108281566692906e-01	0.000000000000000000e+00	1.168292930868869428e-01	0.000000000000000000e+00	0.000000000000000000e+00	0.000000000000000000e+00	0.000000000000000000e+00	1.254108281566692906e-01	0.000000000000000000e+00	2.711212597319928030e-01	0.000000000000000000e+00	1.355606298659964015e-01	0.000000000000000000e+00	1.093956292846362671e-01	1.355606298659964015e-01	9.697327595252945576e-02	0.000000000000000000e+00	0.000000000000000000e+00	1.168292930868869428e-01	1.168292930868869428e-01	0.000000000000000000e+00	0.000000000000000000e+00	1.355606298659964015e-01	0.000000000000000000e+00	1.254108281566692906e-01	0.000000000000000000e+00	0.000000000000000000e+00	0.000000000000000000e+00	1.647350279713538368e-01	2.508216563133385812e-01	4.066818895979892323e-01	0.000000000000000000e+00	0.000000000000000000e+00	0.000000000000000000e+00	2.697332630462604408e-01	0.000000000000000000e+00	0.000000000000000000e+00	1.355606298659964015e-01	0.000000000000000000e+00	1.254108281566692906e-01	0.000000000000000000e+00	0.000000000000000000e+00	0.000000000000000000e+00	0.000000000000000000e+00	1.028386731152353822e-01	0.000000000000000000e+00	0.000000000000000000e+00	0.000000000000000000e+00	2.336585861737738856e-01	0.000000000000000000e+00	0.000000000000000000e+00	0.000000000000000000e+00	0.000000000000000000e+00	1.355606298659964015e-01	0.000000000000000000e+00	3.504878792606608284e-01	0.000000000000000000e+00	0.000000000000000000e+00	0.000000000000000000e+00
0.000000000000000000e+00	0.000000000000000000e+00	1.421126119124765386e-01	1.314722450690055111e-01	0.000000000000000000e+00	1.016602353127611519e-01	0.000000000000000000e+00	4.587319673806944942e-01	1.314722450690055111e-01	0.000000000000000000e+00	0.000000000000000000e+00	0.000000000000000000e+00	0.000000000000000000e+00	0.000000000000000000e+00	1.146829918451736235e-01	1.314722450690055111e-01	0.000000000000000000e+00	0.000000000000000000e+00	0.000000000000000000e+00	0.000000000000000000e+00	1.421126119124765386e-01	0.000000000000000000e+00	0.000000000000000000e+00	0.000000000000000000e+00	2.629444901380110222e-01	0.000000000000000000e+00	1.224759430881809663e-01	1.224759430881809663e-01	5.258889802760220444e-01	0.000000000000000000e+00	0.000000000000000000e+00	1.146829918451736235e-01	0.000000000000000000e+00	1.016602353127611519e-01	0.000000000000000000e+00	0.000000000000000000e+00	2.590456217445950560e-01	0.000000000000000000e+00	0.000000000000000000e+00	0.000000000000000000e+00	0.000000000000000000e+00	1.146829918451736235e-01	7.069253545271840522e-02	0.000000000000000000e+00	0.000000000000000000e+00	0.000000000000000000e+00	1.224759430881809663e-01	0.000000000000000000e+00	1.421126119124765386e-01	0.000000000000000000e+00	0.000000000000000000e+00	0.000000000000000000e+00	1.078091216931220397e-01	1.314722450690055111e-01	2.293659836903472471e-01	0.000000000000000000e+00	0.000000000000000000e+00	1.224759430881809663e-01	0.000000000000000000e+00	0.000000000000000000e+00	0.000000000000000000e+00	0.000000000000000000e+00	1.314722450690055111e-01	0.000000000000000000e+00	1.421126119124765386e-01	1.421126119124765386e-01	0.000000000000000000e+00
0.000000000000000000e+00	1.449847912088558233e-01	3.134375222003869532e-01	2.899695824177116465e-01	0.000000000000000000e+00	0.000000000000000000e+00	0.000000000000000000e+00	2.529399208046121950e-01	0.000000000000000000e+00	0.000000000000000000e+00	0.000000000000000000e+00	0.000000000000000000e+00	2.899695824177116465e-01	0.000000000000000000e+00	1.264699604023060975e-01	0.000000000000000000e+00	0.000000000000000000e+00	0.000000000000000000e+00	4.349543736265674143e-01	0.000000000000000000e+00	0.000000000000000000e+00	1.264699604023060975e-01	0.000000000000000000e+00	2.242174838244787582e-01	2.899695824177116465e-01	0.000000000000000000e+00	0.000000000000000000e+00	0.000000000000000000e+00	0.000000000000000000e+00	0.000000000000000000e+00	0.000000000000000000e+00	0.000000000000000000e+00	0.000000000000000000e+00	0.000000000000000000e+00	0.000000000000000000e+00	0.000000000000000000e+00	9.522333113602685084e-02	0.000000000000000000e+00	0.000000000000000000e+00	0.000000000000000000e+00	0.000000000000000000e+00	3.794098812069183202e-01	7.795822218794140612e-02	0.000000000000000000e+00	0.000000000000000000e+00	0.000000000000000000e+00	0.000000000000000000e+00	0.000000000000000000e+00	0.000000000000000000e+00	1.567187611001934766e-01	0.000000000000000000e+00	0.000000000000000000e+00	0.000000000000000000e+00	0.000000000000000000e+00	0.000000000000000000e+00	1.350638610257813288e-01	0.000000000000000000e+00	0.000000000000000000e+00	1.449847912088558233e-01	1.567187611001934766e-01	0.000000000000000000e+00	0.000000000000000000e+00	1.449847912088558233e-01	0.000000000000000000e+00	1.567187611001934766e-01	0.000000000000000000e+00	0.000000000000000000e+00
0.000000000000000000e+00	0.000000000000000000e+00	0.000000000000000000e+00	0.000000000000000000e+00	1.824208140424692370e-01	1.410559534582316310e-01	0.000000000000000000e+00	0.000000000000000000e+00	0.000000000000000000e+00	0.000000000000000000e+00	0.000000000000000000e+00	0.000000000000000000e+00	0.000000000000000000e+00	0.000000000000000000e+00	0.000000000000000000e+00	0.000000000000000000e+00	0.000000000000000000e+00	0.000000000000000000e+00	1.824208140424692370e-01	0.000000000000000000e+00	0.000000000000000000e+00	3.182506652752740139e-01	0.000000000000000000e+00	0.000000000000000000e+00	5.472624421274077111e-01	0.000000000000000000e+00	0.000000000000000000e+00	3.398764693953226224e-01	0.000000000000000000e+00	1.971845718247882406e-01	1.971845718247882406e-01	0.000000000000000000e+00	0.000000000000000000e+00	0.000000000000000000e+00	0.000000000000000000e+00	1.824208140424692370e-01	0.000000000000000000e+00	0.000000000000000000e+00	0.000000000000000000e+00	0.000000000000000000e+00	1.699382346976613112e-01	0.000000000000000000e+00	1.961750916665707944e-01	0.000000000000000000e+00	1.971845718247882406e-01	0.000000000000000000e+00	0.000000000000000000e+00	1.824208140424692370e-01	0.000000000000000000e+00	0.000000000000000000e+00	0.000000000000000000e+00	0.000000000000000000e+00	0.000000000000000000e+00	0.000000000000000000e+00	0.000000000000000000e+00	0.000000000000000000e+00	0.000000000000000000e+00	1.699382346976613112e-01	1.824208140424692370e-01	0.000000000000000000e+00	0.000000000000000000e+00	0.000000000000000000e+00	1.824208140424692370e-01	1.699382346976613112e-01	0.000000000000000000e+00	0.000000000000000000e+00	1.495876770807448852e-01
0.000000000000000000e+00	4.877054513100708699e-01	0.000000000000000000e+00	0.000000000000000000e+00	0.000000000000000000e+00	1.885578622220800693e-01	0.000000000000000000e+00	2.127122734767438461e-01	0.000000000000000000e+00	0.000000000000000000e+00	0.000000000000000000e+00	0.000000000000000000e+00	0.000000000000000000e+00	0.000000000000000000e+00	2.127122734767438461e-01	0.000000000000000000e+00	0.000000000000000000e+00	0.000000000000000000e+00	0.000000000000000000e+00	0.000000000000000000e+00	0.000000000000000000e+00	0.000000000000000000e+00	0.000000000000000000e+00	0.000000000000000000e+00	0.000000000000000000e+00	0.000000000000000000e+00	4.543330424387015398e-01	2.271665212193507699e-01	0.000000000000000000e+00	0.000000000000000000e+00	0.000000000000000000e+00	0.000000000000000000e+00	2.438527256550354350e-01	0.000000000000000000e+00	0.000000000000000000e+00	0.000000000000000000e+00	1.601579631205746757e-01	0.000000000000000000e+00	0.000000000000000000e+00	2.635883166566799773e-01	0.000000000000000000e+00	0.000000000000000000e+00	2.622388846339794855e-01	0.000000000000000000e+00	0.000000000000000000e+00	0.000000000000000000e+00	0.000000000000000000e+00	0.000000000000000000e+00	2.635883166566799773e-01	0.000000000000000000e+00	0.000000000000000000e+00	0.000000000000000000e+00	0.000000000000000000e+00	0.000000000000000000e+00	0.000000000000000000e+00	0.000000000000000000e+00	0.000000000000000000e+00	0.000000000000000000e+00	0.000000000000000000e+00	0.000000000000000000e+00	2.127122734767438461e-01	0.000000000000000000e+00	0.000000000000000000e+00	0.000000000000000000e+00	0.000000000000000000e+00	0.000000000000000000e+00	1.999627233987271158e-01
0.000000000000000000e+00	2.792614869594428062e-01	0.000000000000000000e+00	0.000000000000000000e+00	2.792614869594428062e-01	0.000000000000000000e+00	0.000000000000000000e+00	0.000000000000000000e+00	0.000000000000000000e+00	0.000000000000000000e+00	0.000000000000000000e+00	0.000000000000000000e+00	0.000000000000000000e+00	3.018627946722764466e-01	0.000000000000000000e+00	0.000000000000000000e+00	0.000000000000000000e+00	0.000000000000000000e+00	0.000000000000000000e+00	3.018627946722764466e-01	0.000000000000000000e+00	0.000000000000000000e+00	0.000000000000000000e+00	2.159375042480460583e-01	2.792614869594428062e-01	0.000000000000000000e+00	0.000000000000000000e+00	0.000000000000000000e+00	0.000000000000000000e+00	0.000000000000000000e+00	0.000000000000000000e+00	0.000000000000000000e+00	0.000000000000000000e+00	2.159375042480460583e-01	0.000000000000000000e+00	2.792614869594428062e-01	3.668275661820449840e-01	0.000000000000000000e+00	0.000000000000000000e+00	0.000000000000000000e+00	2.601523535679607368e-01	0.000000000000000000e+00	3.003174176739355494e-01	0.000000000000000000e+00	0.000000000000000000e+00	0.000000000000000000e+00	0.000000000000000000e+00	0.000000000000000000e+00	0.000000000000000000e+00	0.000000000000000000e+00	0.000000000000000000e+00	0.000000000000000000e+00	2.289984141976934007e-01	0.000000000000000000e+00	0.000000000000000000e+00	2.601523535679607368e-01	0.000000000000000000e+00	0.000000000000000000e+00	0.000000000000000000e+00	0.000000000000000000e+00	0.000000000000000000e+00	0.000000000000000000e+00	0.000000000000000000e+00	0.000000000000000000e+00	0.000000000000000000e+00	0.000000000000000000e+00	0.000000000000000000e+00
0.000000000000000000e+00	0.000000000000000000e+00	0.000000000000000000e+00	0.000000000000000000e+00	0.000000000000000000e+00	0.000000000000000000e+00	1.940950311980472742e-01	0.000000000000000000e+00	0.000000000000000000e+00	1.795625959226045676e-01	2.230341292941336595e-01	0.000000000000000000e+00	5.985419864086818920e-02	0.000000000000000000e+00	0.000000000000000000e+00	5.985419864086818920e-02	0.000000000000000000e+00	0.000000000000000000e+00	0.000000000000000000e+00	0.000000000000000000e+00	0.000000000000000000e+00	0.000000000000000000e+00	1.293966874653648680e-01	9.256390069392515796e-02	0.000000000000000000e+00	0.000000000000000000e+00	5.575853232353341488e-02	0.000000000000000000e+00	1.795625959226045676e-01	0.000000000000000000e+00	0.000000000000000000e+00	3.132642287059415054e-01	1.197083972817363784e-01	0.000000000000000000e+00	1.940950311980472742e-01	0.000000000000000000e+00	3.931113139205450607e-02	5.985419864086818920e-02	6.469834373268242844e-01	0.000000000000000000e+00	0.000000000000000000e+00	1.566321143529707527e-01	1.931013678450283488e-01	1.293966874653648680e-01	0.000000000000000000e+00	0.000000000000000000e+00	5.575853232353341488e-02	0.000000000000000000e+00	0.000000000000000000e+00	6.469834373268243399e-02	1.293966874653648680e-01	5.985419864086818920e-02	0.000000000000000000e+00	0.000000000000000000e+00	0.000000000000000000e+00	5.575853232353341488e-02	2.230341292941336595e-01	0.000000000000000000e+00	1.795625959226045676e-01	6.469834373268243399e-02	0.000000000000000000e+00	6.469834373268243399e-02	0.000000000000000000e+00	5.575853232353341488e-02	1.293966874653648680e-01	1.293966874653648680e-01	4.908129911169294840e-02
1.008508033373229779e-01	0.000000000000000000e+00	0.000000000000000000e+00	1.865996459193436097e-01	0.000000000000000000e+00	1.442872136509250891e-01	0.000000000000000000e+00	0.000000000000000000e+00	0.000000000000000000e+00	0.000000000000000000e+00	8.691556001761795158e-02	1.008508033373229779e-01	0.000000000000000000e+00	0.000000000000000000e+00	0.000000000000000000e+00	9.329982295967180483e-02	0.000000000000000000e+00	2.017016066746459557e-01	0.000000000000000000e+00	0.000000000000000000e+00	0.000000000000000000e+00	8.138525990808290200e-02	2.017016066746459557e-01	1.442872136509250891e-01	0.000000000000000000e+00	2.017016066746459557e-01	0.000000000000000000e+00	2.607466800528538409e-01	0.000000000000000000e+00	0.000000000000000000e+00	0.000000000000000000e+00	8.138525990808290200e-02	0.000000000000000000e+00	7.214360682546254455e-02	0.000000000000000000e+00	0.000000000000000000e+00	6.127759927469444978e-02	0.000000000000000000e+00	0.000000000000000000e+00	0.000000000000000000e+00	0.000000000000000000e+00	0.000000000000000000e+00	4.515052538246699942e-01	1.008508033373229779e-01	2.017016066746459557e-01	0.000000000000000000e+00	0.000000000000000000e+00	0.000000000000000000e+00	0.000000000000000000e+00	0.000000000000000000e+00	0.000000000000000000e+00	0.000000000000000000e+00	7.650718949940027436e-02	0.000000000000000000e+00	1.627705198161658040e-01	0.000000000000000000e+00	1.738311200352359032e-01	1.738311200352359032e-01	0.000000000000000000e+00	0.000000000000000000e+00	0.000000000000000000e+00	1.008508033373229779e-01	0.000000000000000000e+00	1.738311200352359032e-01	0.000000000000000000e+00	0.000000000000000000e+00	5.355503264958019205e-01
0.000000000000000000e+00	0.000000000000000000e+00	0.000000000000000000e+00	0.000000000000000000e+00	0.000000000000000000e+00	0.000000000000000000e+00	0.000000000000000000e+00	0.000000000000000000e+00	0.000000000000000000e+00	0.000000000000000000e+00	0.000000000000000000e+00	0.000000000000000000e+00	0.000000000000000000e+00	0.000000000000000000e+00	0.000000000000000000e+00	0.000000000000000000e+00	0.000000000000000000e+00	0.000000000000000000e+00	0.000000000000000000e+00	0.000000000000000000e+00	0.000000000000000000e+00	0.000000000000000000e+00	0.000000000000000000e+00	5.293604289977884569e-01	0.000000000000000000e+00	0.000000000000000000e+00	0.000000000000000000e+00	0.000000000000000000e+00	0.000000000000000000e+00	0.000000000000000000e+00	0.000000000000000000e+00	9.952865309157642171e-02	6.845961337480290787e-01	8.822673816629807153e-02	0.000000000000000000e+00	0.000000000000000000e+00	0.000000000000000000e+00	0.000000000000000000e+00	0.000000000000000000e+00	0.000000000000000000e+00	0.000000000000000000e+00	0.000000000000000000e+00	0.000000000000000000e+00	0.000000000000000000e+00	1.233336924979251958e-01	0.000000000000000000e+00	0.000000000000000000e+00	0.000000000000000000e+00	0.000000000000000000e+00	0.000000000000000000e+00	0.000000000000000000e+00	0.000000000000000000e+00	0.000000000000000000e+00	0.000000000000000000e+00	0.000000000000000000e+00	0.000000000000000000e+00	0.000000000000000000e+00	0.000000000000000000e+00	0.000000000000000000e+00	0.000000000000000000e+00	9.952865309157642171e-02	0.000000000000000000e+00	4.563974224986860340e-01	0.000000000000000000e+00	0.000000000000000000e+00	0.000000000000000000e+00	0.000000000000000000e+00
0.000000000000000000e+00	0.000000000000000000e+00	0.000000000000000000e+00	0.000000000000000000e+00	0.000000000000000000e+00	0.000000000000000000e+00	2.740743318526014938e-01	0.000000000000000000e+00	2.535536237040035834e-01	0.000000000000000000e+00	0.000000000000000000e+00	0.000000000000000000e+00	0.000000000000000000e+00	0.000000000000000000e+00	2.211743485805556519e-01	0.000000000000000000e+00	0.000000000000000000e+00	0.000000000000000000e+00	0.000000000000000000e+00	0.000000000000000000e+00	0.000000000000000000e+00	0.000000000000000000e+00	0.000000000000000000e+00	3.921180631946026285e-01	0.000000000000000000e+00	0.000000000000000000e+00	0.000000000000000000e+00	0.000000000000000000e+00	0.000000000000000000e+00	0.000000000000000000e+00	0.000000000000000000e+00	0.000000000000000000e+00	0.000000000000000000e+00	3.921180631946026285e-01	0.000000000000000000e+00	0.000000000000000000e+00	0.000000000000000000e+00	2.535536237040035834e-01	0.000000000000000000e+00	0.000000000000000000e+00	0.000000000000000000e+00	0.000000000000000000e+00	0.000000000000000000e+00	0.000000000000000000e+00	0.000000000000000000e+00	0.000000000000000000e+00	0.000000000000000000e+00	0.000000000000000000e+00	0.000000000000000000e+00	0.000000000000000000e+00	2.740743318526014938e-01	2.535536237040035834e-01	0.000000000000000000e+00	0.000000000000000000e+00	0.000000000000000000e+00	0.000000000000000000e+00	0.000000000000000000e+00	0.000000000000000000e+00	0.000000000000000000e+00	0.000000000000000000e+00	0.000000000000000000e+00	0.000000000000000000e+00	0.000000000000000000e+00	0.000000000000000000e+00	5.481486637052029876e-01	0.000000000000000000e+00	0.000000000000000000e+00
